order_id,zone,transport_mode,shipment_volume,distance_km,traffic_index,weather_index,warehouse_load_pct,vehicle_utilization_pct,delivery_time_hours,transport_cost,fuel_cost,handling_cost,total_cost,on_time
ORD10001,West,Truck,89,2.7,54.3,5.8,83.7,65.7,14.9,296.34,2.78,61.14,360.26,1
ORD10002,East,Bike,10,4.9,53.4,16.5,77.6,92.1,17.2,184.57,4.65,15.12,204.34,1
ORD10003,Central,Bike,43,8.0,38.8,56.9,80.5,63.3,18.6,237.73,0.0,35.41,273.14,1
ORD10004,West,Truck,48,18.3,49.5,40.9,45.4,65.8,15.8,324.92,11.01,45.55,381.48,1
ORD10005,North,Truck,81,24.4,77.1,7.2,83.9,51.4,17.4,425.69,24.04,51.25,500.98,0
ORD10006,Central,Bike,17,10.0,40.5,29.7,50.5,62.2,14.5,173.58,0.82,20.34,194.74,1
ORD10007,West,Van,46,29.4,29.9,7.5,69.4,49.8,14.2,320.26,11.26,37.38,368.9,1
ORD10008,Central,Bike,19,26.7,72.0,0.0,69.4,80.2,17.4,286.57,20.19,29.37,336.13,1
ORD10009,North,Truck,80,12.9,63.9,35.3,73.2,100.0,16.4,359.85,16.53,55.2,431.58,1
ORD10010,East,Van,65,8.0,43.8,37.4,70.7,67.2,15.4,273.91,6.21,62.22,342.34,1
ORD10011,South,Van,52,3.5,26.5,35.7,50.7,50.3,13.8,232.81,0.94,39.35,273.1,0
ORD10012,Central,Bike,42,23.2,41.6,13.0,42.1,83.7,18.9,240.04,8.11,33.2,281.35,1
ORD10013,West,Van,19,19.1,54.0,17.5,79.8,62.5,14.4,214.86,16.59,21.08,252.53,1
ORD10014,Central,Van,93,27.6,76.0,31.2,68.2,88.9,22.1,373.13,24.01,52.62,449.76,1
ORD10015,East,Van,67,39.9,36.3,25.9,84.5,68.3,19.0,445.06,21.02,40.56,506.64,1
ORD10016,South,Van,35,49.2,53.5,14.1,64.2,63.8,18.0,430.82,42.57,27.0,500.39,1
ORD10017,East,Van,44,35.2,67.2,0.0,41.1,69.7,17.4,399.72,30.23,45.29,475.24,1
ORD10018,North,Truck,74,14.2,12.1,21.7,81.4,81.9,10.9,266.12,16.31,52.43,334.86,1
ORD10019,Central,Van,74,16.8,73.6,36.2,58.7,69.0,15.0,411.45,15.52,48.82,475.79,1
ORD10020,West,Bike,49,33.7,33.7,2.0,70.8,65.5,22.3,316.63,28.54,48.76,393.93,1
ORD10021,West,Bike,34,10.8,61.0,29.6,54.0,69.4,13.6,233.73,10.7,43.11,287.54,1
ORD10022,South,Van,68,11.4,59.4,25.0,93.0,55.5,19.4,330.28,12.89,59.44,402.61,1
ORD10023,Central,Van,68,30.2,74.5,31.3,50.1,77.2,21.0,369.67,13.56,42.58,425.81,1
ORD10024,Central,Truck,62,50.6,64.9,33.1,59.3,48.8,18.5,499.47,30.44,42.14,572.05,1
ORD10025,West,Van,11,34.3,12.2,9.6,66.8,66.2,16.5,280.04,22.04,32.56,334.64,1
ORD10026,South,Van,50,30.6,40.9,0.0,46.4,81.9,18.2,446.2,22.3,41.43,509.93,1
ORD10027,East,Bike,63,18.2,57.5,12.0,70.6,75.9,18.2,318.6,15.59,44.51,378.7,1
ORD10028,North,Bike,96,10.5,51.5,33.3,92.4,79.7,22.5,376.37,9.5,70.55,456.42,1
ORD10029,North,Truck,55,28.1,63.6,11.9,56.7,71.2,14.3,440.07,26.66,50.31,517.04,1
ORD10030,West,Van,37,45.7,69.2,9.6,71.7,87.2,18.1,435.57,40.02,27.78,503.37,1
ORD10031,West,Truck,58,14.6,66.0,0.0,20.0,84.0,10.5,305.56,6.59,45.66,357.81,1
ORD10032,Central,Truck,22,12.2,51.1,46.3,64.3,77.8,14.7,292.94,10.34,31.51,334.79,0
ORD10033,South,Van,13,12.5,21.8,32.4,59.7,84.1,16.3,128.64,5.14,9.87,143.65,1
ORD10034,South,Truck,70,23.7,46.8,31.5,51.1,81.8,15.1,442.41,16.83,50.6,509.84,1
ORD10035,East,Van,99,38.2,62.5,34.5,83.4,66.3,18.0,489.96,30.26,57.53,577.75,1
ORD10036,North,Van,86,4.2,35.4,28.7,59.5,54.5,12.3,181.16,0.0,51.43,232.59,1
ORD10037,North,Truck,61,19.6,66.4,16.3,62.0,77.5,16.1,357.57,26.76,41.05,425.38,1
ORD10038,East,Van,8,7.2,71.4,17.5,58.6,79.1,17.5,214.91,8.23,20.22,243.36,1
ORD10039,South,Van,99,57.4,57.3,13.6,32.4,86.2,21.1,562.14,40.07,63.87,666.08,1
ORD10040,West,Bike,48,21.0,10.0,59.5,45.8,59.8,17.6,279.03,25.39,33.21,337.63,1
ORD10041,East,Bike,32,14.4,32.0,28.3,81.3,60.2,20.2,185.97,9.06,30.01,225.04,1
ORD10042,Central,Truck,90,22.2,89.0,13.0,29.1,78.0,14.6,404.45,17.31,52.32,474.08,1
ORD10043,West,Bike,76,5.9,45.2,27.0,52.0,71.1,16.6,256.9,1.99,57.23,316.12,1
ORD10044,South,Bike,76,8.2,19.3,4.8,58.2,47.5,14.9,248.23,14.41,62.85,325.49,1
ORD10045,Central,Van,31,19.5,77.2,42.6,94.6,76.9,20.9,282.04,14.1,28.42,324.56,1
ORD10046,Central,Van,100,29.9,55.2,10.1,78.1,47.9,13.3,481.16,23.17,65.38,569.71,1
ORD10047,East,Van,48,3.0,74.9,27.5,55.5,59.7,15.8,211.25,8.27,41.39,260.91,1
ORD10048,South,Van,56,39.0,60.0,36.0,87.2,89.6,19.0,424.56,32.18,26.57,483.31,1
ORD10049,West,Truck,77,14.9,63.3,25.8,52.4,95.7,14.0,372.92,10.9,58.64,442.46,1
ORD10050,North,Van,68,30.8,61.5,21.4,82.2,56.2,22.5,340.9,28.65,74.22,443.77,1
ORD10051,South,Van,21,24.3,67.6,20.2,41.9,67.7,13.5,245.96,30.92,22.57,299.45,1
ORD10052,North,Van,34,53.0,96.0,19.2,83.2,72.6,19.7,477.32,41.34,29.75,548.41,1
ORD10053,Central,Van,39,23.9,72.5,11.3,58.1,95.2,15.8,393.66,18.51,39.4,451.57,1
ORD10054,West,Bike,95,38.1,26.6,13.3,47.5,65.6,21.8,448.84,29.43,77.41,555.68,1
ORD10055,West,Van,73,12.8,63.0,42.2,61.3,65.8,15.3,258.19,16.15,59.95,334.29,1
ORD10056,Central,Van,40,6.0,75.5,18.4,69.7,92.1,11.2,133.88,1.5,16.76,152.14,1
ORD10057,East,Van,75,33.7,76.6,8.2,56.6,67.1,16.1,460.11,23.88,57.76,541.75,0
ORD10058,East,Truck,75,5.9,47.3,12.3,74.4,81.4,16.9,306.27,0.0,73.83,380.1,1
ORD10059,North,Truck,42,29.7,76.0,36.5,55.1,52.8,16.5,435.2,16.36,40.08,491.64,1
ORD10060,North,Truck,43,8.7,71.7,30.1,75.5,69.8,15.6,261.41,3.94,26.41,291.76,1
ORD10061,West,Van,90,22.3,100.0,28.4,72.5,50.4,18.1,437.8,16.45,63.75,518.0,1
ORD10062,East,Van,58,53.6,41.5,16.1,64.0,58.3,18.5,499.95,49.05,33.65,582.65,1
ORD10063,East,Bike,19,28.3,45.9,28.6,57.5,82.9,22.7,257.84,23.9,32.31,314.05,1
ORD10064,West,Truck,74,16.3,49.5,10.3,67.6,71.4,14.6,344.98,7.66,45.05,397.69,1
ORD10065,West,Truck,61,24.6,46.2,16.1,74.4,67.9,15.1,376.19,14.81,46.14,437.14,1
ORD10066,East,Truck,53,13.1,39.0,34.5,100.0,62.3,18.4,319.42,16.7,34.29,370.41,0
ORD10067,East,Truck,74,66.2,10.0,33.1,81.0,69.1,19.9,563.36,55.28,48.33,666.97,1
ORD10068,South,Van,92,11.3,47.2,5.3,81.6,75.9,15.0,362.61,8.62,74.49,445.72,1
ORD10069,North,Van,36,17.5,61.6,7.2,100.0,84.8,16.8,262.67,10.91,32.63,306.21,1
ORD10070,East,Truck,45,26.7,46.1,21.6,73.8,37.9,16.0,312.41,25.65,32.28,370.34,1
ORD10071,South,Van,23,23.5,89.8,45.9,73.2,61.2,18.0,380.76,12.66,15.49,408.91,1
ORD10072,East,Bike,67,25.2,55.2,0.0,77.0,74.1,24.8,325.03,20.86,33.88,379.77,1
ORD10073,Central,Truck,43,13.3,78.2,24.2,47.8,70.7,14.6,300.27,21.34,25.64,347.25,1
ORD10074,South,Truck,37,15.9,59.7,0.0,57.5,77.2,8.3,303.8,12.95,33.25,350.0,1
ORD10075,North,Bike,71,32.8,69.9,10.5,56.4,75.5,21.5,404.85,20.72,58.89,484.46,1
ORD10076,South,Truck,44,31.8,60.0,14.5,76.0,68.0,16.9,380.71,25.9,31.72,438.33,1
ORD10077,South,Bike,49,23.9,79.6,13.7,62.0,65.2,19.8,331.6,15.57,51.51,398.68,1
ORD10078,West,Truck,47,41.0,56.0,12.0,67.3,68.8,18.0,438.36,23.78,32.11,494.25,0
ORD10079,East,Bike,29,33.6,63.9,20.1,83.5,86.9,21.1,337.76,28.71,26.05,392.52,1
ORD10080,Central,Van,17,31.2,61.6,12.0,79.7,62.5,17.0,230.74,28.99,12.71,272.44,1
ORD10081,West,Truck,84,5.8,49.8,0.0,62.3,71.2,14.8,392.09,2.8,66.13,461.02,1
ORD10082,East,Truck,13,23.7,62.3,31.7,53.6,74.4,13.3,301.12,15.89,35.93,352.94,1
ORD10083,Central,Van,36,21.1,95.2,31.3,84.3,92.3,15.6,346.68,11.02,17.71,375.41,1
ORD10084,North,Van,69,44.2,50.1,32.6,78.2,68.1,26.9,402.87,32.4,47.18,482.45,0
ORD10085,North,Bike,17,16.9,62.6,0.0,37.7,84.5,14.7,214.02,9.86,31.47,255.35,1
ORD10086,North,Truck,67,20.0,77.6,24.5,59.7,88.0,16.0,367.86,9.94,37.27,415.07,1
ORD10087,West,Van,75,8.7,75.5,30.1,67.8,71.2,12.8,364.9,15.99,57.78,438.67,1
ORD10088,East,Van,68,9.9,55.2,4.5,78.2,69.3,15.8,268.9,9.76,59.17,337.83,1
ORD10089,North,Van,34,44.3,12.1,20.1,80.5,67.7,16.5,386.16,36.09,31.33,453.58,1
ORD10090,East,Van,6,25.1,64.3,18.3,69.8,68.7,14.9,245.49,23.24,19.7,288.43,1
ORD10091,North,Bike,90,53.7,15.0,47.6,74.9,83.1,26.8,468.92,44.13,75.59,588.64,1
ORD10092,West,Van,36,16.7,81.5,48.9,66.1,75.0,17.6,284.32,10.46,47.39,342.17,1
ORD10093,East,Van,82,6.7,58.1,0.0,53.5,75.1,15.6,344.68,6.39,56.6,407.67,1
ORD10094,East,Truck,23,15.1,73.0,57.4,60.6,57.4,11.0,224.99,9.98,20.39,255.36,1
ORD10095,South,Van,20,13.5,38.8,6.3,65.3,59.4,18.0,166.67,12.32,15.64,194.63,1
ORD10096,West,Van,79,28.9,27.1,34.7,64.4,99.9,15.1,305.3,23.38,63.27,391.95,1
ORD10097,South,Truck,95,28.2,59.7,34.6,32.9,69.7,19.5,422.78,19.24,53.28,495.3,1
ORD10098,North,Truck,87,25.9,54.4,5.1,58.2,61.9,18.3,403.42,12.78,57.83,474.03,1
ORD10099,North,Bike,77,63.8,46.2,27.4,66.0,90.6,26.3,483.36,48.58,55.17,587.11,1
ORD10100,Central,Truck,28,39.6,56.5,18.4,60.2,75.7,14.8,376.43,28.68,23.38,428.49,1
ORD10101,Central,Van,92,10.3,100.0,28.3,60.8,79.5,17.1,300.72,0.0,64.84,365.56,1
ORD10102,West,Truck,69,34.3,70.0,23.5,73.3,70.2,17.0,420.86,28.26,70.47,519.59,1
ORD10103,South,Bike,21,19.1,73.9,37.9,46.7,67.9,18.3,299.85,19.15,22.58,341.58,1
ORD10104,Central,Truck,17,16.4,70.2,21.1,37.3,69.8,12.3,299.08,24.94,17.87,341.89,1
ORD10105,West,Bike,88,42.6,81.6,17.5,59.1,54.0,18.4,494.68,29.99,68.52,593.19,1
ORD10106,West,Bike,31,9.9,51.6,36.4,78.0,70.9,20.8,175.01,4.73,30.97,210.71,1
ORD10107,East,Bike,78,32.9,18.0,28.7,93.7,75.8,22.0,314.06,19.13,66.41,399.6,1
ORD10108,South,Van,18,29.7,51.6,31.0,78.3,96.1,16.2,258.83,23.32,23.22,305.37,1
ORD10109,North,Truck,31,9.8,69.6,10.0,40.0,73.1,11.0,274.32,8.36,27.06,309.74,1
ORD10110,Central,Van,32,5.6,37.5,4.3,61.0,41.7,13.8,223.82,0.14,15.33,239.29,1
ORD10111,East,Truck,31,17.8,51.8,11.5,69.4,70.8,12.3,329.79,12.48,16.09,358.36,1
ORD10112,South,Truck,69,36.7,42.5,10.7,68.0,100.0,12.3,465.33,17.63,35.26,518.22,1
ORD10113,South,Bike,92,23.6,82.0,31.8,74.2,83.3,22.6,378.07,22.33,65.63,466.03,1
ORD10114,East,Bike,92,43.4,68.5,34.6,49.4,61.5,24.0,487.63,28.7,51.7,568.03,1
ORD10115,North,Van,76,22.6,66.7,17.7,66.1,79.7,16.8,362.66,16.78,63.84,443.28,1
ORD10116,Central,Truck,24,45.2,66.2,41.5,72.1,62.4,16.0,424.1,26.77,25.44,476.31,1
ORD10117,West,Truck,97,12.5,54.3,40.5,79.0,54.4,16.7,455.22,6.46,63.4,525.08,1
ORD10118,West,Van,57,25.9,58.6,23.7,51.3,67.5,13.3,289.44,18.03,36.6,344.07,1
ORD10119,East,Van,57,14.4,33.7,7.7,59.1,73.2,12.4,265.29,10.74,48.33,324.36,0
ORD10120,West,Van,72,17.4,15.6,43.6,20.0,47.7,12.5,338.77,15.45,45.16,399.38,1
ORD10121,West,Truck,78,19.9,57.7,19.1,54.4,57.1,17.2,339.84,22.12,47.02,408.98,1
ORD10122,West,Truck,96,23.6,60.8,21.9,56.1,72.1,15.6,418.87,21.36,74.31,514.54,1
ORD10123,North,Bike,60,11.4,76.8,14.9,47.7,66.7,16.8,269.32,13.36,47.84,330.52,1
ORD10124,East,Van,63,25.1,83.3,6.7,67.8,77.1,21.6,371.58,26.06,44.77,442.41,0
ORD10125,North,Bike,76,19.3,83.3,0.0,64.0,56.2,20.4,302.15,17.32,58.93,378.4,0
ORD10126,East,Van,29,7.0,37.0,29.5,26.6,81.3,12.9,215.59,5.07,28.02,248.68,1
ORD10127,South,Bike,34,5.1,48.7,8.2,68.7,56.6,15.8,212.73,8.87,33.76,255.36,1
ORD10128,North,Van,65,36.8,63.6,65.9,49.2,93.4,17.7,438.92,32.97,41.22,513.11,1
ORD10129,North,Truck,11,16.9,100.0,3.7,73.3,49.7,9.7,273.81,15.92,34.61,324.34,1
ORD10130,West,Bike,35,6.5,81.6,1.1,43.2,57.8,18.2,230.42,0.0,26.61,257.03,1
ORD10131,North,Bike,73,49.7,75.1,27.7,65.5,77.4,24.8,460.12,33.07,64.6,557.79,1
ORD10132,Central,Bike,98,26.7,48.0,42.9,60.2,93.6,20.9,386.42,18.65,64.39,469.46,1
ORD10133,West,Van,54,23.2,39.1,21.0,70.2,76.1,16.2,391.02,21.3,48.16,460.48,1
ORD10134,South,Van,43,10.7,69.2,28.6,67.1,79.3,17.0,267.94,7.92,41.52,317.38,1
ORD10135,West,Van,47,6.9,35.2,0.0,60.7,72.2,9.9,180.79,10.86,47.02,238.67,1
ORD10136,North,Van,70,21.1,50.7,9.8,38.9,58.7,13.9,348.72,22.4,43.78,414.9,0
ORD10137,Central,Truck,57,18.5,52.9,3.9,39.9,65.6,11.0,298.15,19.87,51.96,369.98,1
ORD10138,East,Truck,7,8.8,83.7,0.0,55.1,56.2,16.1,202.15,12.63,30.62,245.4,1
ORD10139,Central,Truck,56,8.6,48.6,21.8,64.9,55.4,15.7,255.98,1.27,40.73,297.98,1
ORD10140,North,Bike,43,8.3,11.1,0.0,54.7,77.2,10.9,170.23,8.64,35.93,214.8,1
ORD10141,East,Truck,72,8.1,64.1,0.2,75.6,57.4,11.0,363.16,3.04,47.41,413.61,1
ORD10142,East,Bike,89,12.2,42.4,11.9,60.3,76.2,18.2,328.81,0.9,58.18,387.89,1
ORD10143,Central,Van,97,23.2,55.8,7.5,48.6,55.1,15.5,419.93,15.96,79.04,514.93,1
ORD10144,East,Van,63,25.7,53.4,25.9,60.3,75.9,14.1,316.91,25.9,38.62,381.43,1
ORD10145,East,Truck,39,18.3,50.1,24.6,68.8,65.6,19.1,293.33,16.03,25.91,335.27,1
ORD10146,South,Bike,47,20.5,69.2,33.4,70.5,90.3,20.6,312.75,25.46,50.74,388.95,1
ORD10147,South,Van,21,26.5,27.4,31.3,96.9,76.2,18.4,244.52,20.76,28.55,293.83,1
ORD10148,East,Truck,94,4.3,45.7,37.1,53.6,88.1,12.5,322.13,15.46,80.66,418.25,1
ORD10149,East,Truck,86,21.5,67.3,20.0,63.8,62.2,17.9,436.12,17.01,55.7,508.83,1
ORD10150,North,Van,86,40.6,43.9,24.6,72.2,72.7,18.8,444.08,30.56,60.31,534.95,1
ORD10151,Central,Van,36,16.6,26.0,27.7,64.6,59.2,14.3,250.39,6.05,26.51,282.95,1
ORD10152,Central,Bike,35,35.9,67.0,22.1,56.5,66.6,21.8,411.12,32.48,32.4,476.0,1
ORD10153,North,Truck,87,16.8,75.2,14.0,38.7,68.6,11.1,400.85,10.09,45.66,456.6,1
ORD10154,East,Van,57,27.6,54.2,15.0,56.3,62.6,20.1,396.59,17.46,48.83,462.88,1
ORD10155,North,Bike,72,22.9,19.7,7.7,46.7,56.2,18.6,331.03,23.58,54.19,408.8,0
ORD10156,West,Van,52,8.2,67.7,26.3,35.6,53.6,16.6,214.74,11.94,40.14,266.82,1
ORD10157,South,Bike,47,9.5,25.1,18.6,51.5,41.6,14.2,172.17,12.79,34.73,219.69,1
ORD10158,West,Van,65,45.2,60.6,10.1,47.2,58.3,16.5,429.57,32.09,40.59,502.25,1
ORD10159,West,Truck,83,31.4,39.0,10.1,74.9,80.2,14.6,407.85,23.3,63.47,494.62,1
ORD10160,West,Van,37,17.5,34.1,1.8,75.2,51.2,15.6,252.58,12.83,22.98,288.39,1
ORD10161,North,Van,82,16.1,47.0,34.7,49.6,54.2,16.1,356.39,15.99,61.2,433.58,1
ORD10162,Central,Bike,28,10.7,51.7,21.2,60.6,95.3,16.1,253.02,15.79,44.0,312.81,1
ORD10163,South,Van,43,24.1,43.4,7.1,33.4,63.7,12.2,316.48,19.92,47.53,383.93,1
ORD10164,North,Van,92,11.4,65.6,32.1,56.6,76.2,13.4,329.96,18.42,50.56,398.94,1
ORD10165,East,Van,96,14.7,47.0,11.6,71.8,80.4,16.4,278.38,15.51,60.51,354.4,1
ORD10166,South,Truck,93,12.2,72.6,0.0,79.0,80.6,14.6,394.82,7.98,66.52,469.32,1
ORD10167,Central,Bike,35,30.2,60.1,35.3,52.9,52.2,18.3,322.7,26.79,30.69,380.18,1
ORD10168,Central,Bike,85,17.1,42.4,11.9,82.9,69.0,23.4,331.89,21.35,47.55,400.79,0
ORD10169,South,Van,94,20.6,39.4,13.9,39.2,51.0,15.5,443.16,25.44,66.78,535.38,1
ORD10170,Central,Van,98,8.3,25.3,20.6,43.8,100.0,17.2,347.73,12.16,65.82,425.71,1
ORD10171,South,Van,7,12.1,60.2,37.1,77.1,51.3,13.9,231.29,9.2,31.16,271.65,1
ORD10172,East,Truck,76,20.9,48.6,20.3,93.4,58.4,17.5,350.79,14.59,51.77,417.15,1
ORD10173,South,Bike,100,5.9,12.3,2.0,73.4,58.5,17.7,251.44,7.31,76.34,335.09,1
ORD10174,Central,Truck,78,16.2,45.4,28.2,64.3,52.5,11.6,359.0,20.52,44.76,424.28,1
ORD10175,North,Truck,27,18.6,38.8,12.7,27.7,89.6,15.3,256.61,16.12,18.63,291.36,1
ORD10176,North,Van,78,7.6,83.4,48.3,30.6,100.0,14.7,337.76,7.97,60.67,406.4,1
ORD10177,East,Bike,15,34.9,24.3,20.0,67.2,65.8,21.2,291.63,26.43,28.92,346.98,1
ORD10178,Central,Truck,51,23.4,29.1,0.0,58.9,54.8,12.6,299.57,15.91,32.39,347.87,1
ORD10179,Central,Van,65,17.0,75.0,25.4,46.2,42.9,15.4,378.24,11.94,47.94,438.12,1
ORD10180,West,Van,48,11.6,79.4,49.2,66.1,68.8,14.3,289.92,9.38,27.35,326.65,0
ORD10181,Central,Van,72,5.7,41.6,43.6,67.0,67.9,18.1,203.08,12.87,50.15,266.1,1
ORD10182,Central,Van,28,33.3,43.6,47.5,81.1,63.5,19.0,323.48,23.78,34.1,381.36,1
ORD10183,East,Van,63,13.8,66.1,4.7,67.3,74.9,16.4,319.52,10.61,43.17,373.3,1
ORD10184,South,Van,66,6.7,13.1,33.7,85.9,77.1,18.4,266.9,0.7,46.31,313.91,1
ORD10185,West,Truck,65,11.3,21.5,9.2,65.1,76.2,16.1,284.03,12.06,38.71,334.8,1
ORD10186,West,Van,32,25.0,49.9,23.4,63.0,67.9,17.8,326.69,25.58,24.41,376.68,0
ORD10187,South,Van,34,21.9,82.9,0.9,83.1,57.7,13.6,322.38,24.55,44.76,391.69,1
ORD10188,North,Bike,29,8.8,47.2,10.3,48.4,80.7,14.5,151.54,7.62,28.53,187.69,1
ORD10189,West,Truck,49,36.9,56.8,9.9,100.0,72.2,16.2,374.56,30.55,30.93,436.04,1
ORD10190,South,Truck,61,6.7,75.4,33.5,71.4,83.5,16.3,354.96,4.26,43.03,402.25,1
ORD10191,Central,Van,39,41.6,92.9,32.0,71.5,82.3,20.0,469.5,33.84,20.67,524.01,1
ORD10192,South,Bike,44,21.3,44.6,24.2,73.9,53.5,16.3,291.28,17.54,28.09,336.91,1
ORD10193,North,Van,32,14.5,54.7,0.0,96.9,53.4,15.5,303.98,11.17,40.48,355.63,1
ORD10194,Central,Van,26,15.9,87.8,15.3,78.5,62.2,12.8,315.22,12.61,25.16,352.99,1
ORD10195,North,Bike,68,19.8,27.6,8.8,37.7,58.3,17.4,321.01,17.11,64.53,402.65,1
ORD10196,North,Truck,83,26.2,73.5,33.0,88.9,81.8,14.7,411.96,18.18,56.89,487.03,1
ORD10197,West,Truck,32,5.1,36.7,37.7,59.2,76.6,13.8,285.91,2.61,29.31,317.83,1
ORD10198,Central,Truck,87,11.1,56.8,35.8,66.8,86.3,16.3,381.72,16.86,64.98,463.56,1
ORD10199,South,Truck,59,19.4,50.6,8.7,43.3,77.2,18.1,337.51,28.1,23.07,388.68,1
ORD10200,South,Van,21,37.8,37.8,0.0,73.9,74.7,18.9,306.72,22.33,25.19,354.24,0
ORD10201,West,Van,40,36.9,37.3,0.0,53.9,87.6,15.6,365.68,21.38,33.61,420.67,1
ORD10202,Central,Van,5,46.9,60.0,41.3,66.7,78.1,20.7,308.88,30.39,26.64,365.91,1
ORD10203,East,Van,8,35.8,72.9,14.0,60.2,72.9,13.8,355.14,26.33,24.12,405.59,1
ORD10204,North,Bike,37,10.5,52.7,8.7,97.7,91.2,16.6,190.51,12.35,23.28,226.14,1
ORD10205,North,Van,48,18.6,56.3,44.6,98.7,73.5,18.7,312.12,16.91,48.34,377.37,1
ORD10206,South,Truck,81,36.0,65.3,39.0,65.8,68.0,13.7,461.96,27.86,54.45,544.27,1
ORD10207,North,Bike,17,33.8,37.5,20.4,66.1,61.1,19.6,279.79,27.99,14.11,321.89,1
ORD10208,West,Bike,85,16.4,68.3,15.6,58.7,81.1,17.1,318.95,8.84,60.33,388.12,1
ORD10209,North,Van,27,25.8,69.7,18.0,83.8,88.1,17.5,305.48,18.13,25.23,348.84,1
ORD10210,East,Van,18,13.7,100.0,23.4,59.4,71.3,12.8,331.59,10.17,34.21,375.97,1
ORD10211,West,Bike,72,6.3,48.2,44.0,57.8,89.0,19.1,305.9,0.0,54.32,360.22,1
ORD10212,West,Truck,79,17.4,46.8,26.3,81.6,46.4,16.3,383.4,7.24,57.1,447.74,1
ORD10213,South,Bike,63,16.7,68.8,30.9,55.8,71.3,22.2,310.14,6.92,53.86,370.92,0
ORD10214,Central,Bike,16,13.3,69.7,37.5,64.4,71.5,18.1,247.52,13.8,29.54,290.86,1
ORD10215,West,Bike,16,26.3,45.4,2.5,38.1,62.5,15.5,298.05,20.95,27.07,346.07,1
ORD10216,West,Van,42,16.1,47.7,31.3,77.0,100.0,15.5,240.47,15.13,46.46,302.06,0
ORD10217,North,Truck,48,24.0,64.7,15.6,98.0,71.1,14.1,364.92,8.8,43.27,416.99,1
ORD10218,North,Van,100,29.8,40.1,0.0,77.3,66.7,19.2,360.36,14.93,68.34,443.63,1
ORD10219,Central,Truck,32,68.6,47.6,0.0,89.9,72.3,22.2,579.23,54.77,39.51,673.51,1
ORD10220,East,Bike,23,17.6,56.6,4.7,50.6,46.0,22.5,310.65,0.0,23.92,334.57,1
ORD10221,South,Truck,95,38.1,72.9,28.0,69.0,62.1,17.7,523.04,34.7,64.52,622.26,1
ORD10222,East,Van,19,21.7,44.1,21.7,49.0,84.8,14.0,180.82,7.16,36.22,224.2,1
ORD10223,West,Van,7,22.5,21.8,22.8,61.1,63.8,13.3,240.48,21.09,28.83,290.4,1
ORD10224,Central,Bike,45,17.7,20.5,49.3,78.1,61.2,19.8,211.02,8.83,36.68,256.53,1
ORD10225,South,Van,43,20.5,32.3,1.0,66.7,89.0,16.0,255.2,20.62,32.02,307.84,0
ORD10226,Central,Van,64,16.2,31.4,19.6,41.0,89.4,14.3,313.55,28.19,58.91,400.65,1
ORD10227,North,Van,89,34.1,52.2,24.6,42.6,78.7,20.2,446.42,14.21,67.35,527.98,1
ORD10228,East,Van,94,11.4,33.6,9.0,41.5,66.1,13.1,302.98,12.03,66.22,381.23,1
ORD10229,West,Van,32,6.3,42.4,20.4,73.4,68.9,16.3,178.46,0.0,27.03,205.49,1
ORD10230,North,Truck,99,13.0,41.1,0.0,100.0,61.5,17.5,382.14,11.88,69.1,463.12,1
ORD10231,North,Van,65,12.1,47.1,41.1,88.2,59.1,16.9,273.39,8.04,47.58,329.01,1
ORD10232,East,Van,11,13.0,78.8,9.8,32.8,58.4,12.3,192.65,10.4,12.74,215.79,1
ORD10233,Central,Van,95,17.1,66.9,50.5,89.2,64.0,24.2,367.4,8.27,65.28,440.95,1
ORD10234,West,Van,18,13.0,55.3,19.5,80.9,58.5,13.3,233.76,13.65,24.02,271.43,1
ORD10235,Central,Van,61,17.0,46.7,35.4,38.7,51.7,15.7,298.05,5.51,42.55,346.11,1
ORD10236,Central,Truck,80,13.1,47.2,19.2,59.8,74.9,12.9,302.89,16.03,63.23,382.15,1
ORD10237,East,Van,28,24.4,60.9,19.5,83.6,75.0,20.9,332.75,16.25,37.71,386.71,1
ORD10238,Central,Van,30,68.2,65.5,11.2,74.4,94.1,23.7,419.95,44.14,36.26,500.35,1
ORD10239,North,Van,50,21.4,38.7,21.8,42.7,63.3,13.5,284.43,24.02,37.29,345.74,1
ORD10240,North,Van,89,13.4,55.7,24.8,75.4,75.8,18.0,319.59,9.71,67.0,396.3,1
ORD10241,Central,Van,26,3.4,18.4,8.2,28.7,76.1,11.5,160.97,12.09,26.92,199.98,1
ORD10242,Central,Van,68,54.7,58.8,18.1,61.2,68.7,19.4,527.34,47.13,39.51,613.98,0
ORD10243,South,Bike,48,22.2,68.7,10.8,84.3,81.7,21.8,352.03,12.66,43.78,408.47,0
ORD10244,East,Van,15,16.9,50.0,54.5,65.3,82.1,16.5,205.94,12.25,21.42,239.61,1
ORD10245,West,Truck,73,3.5,87.7,18.7,56.5,76.3,14.3,351.71,3.23,72.9,427.84,1
ORD10246,Central,Truck,84,17.4,39.1,43.2,80.1,68.7,16.5,379.16,20.68,69.86,469.7,1
ORD10247,West,Van,60,20.4,58.9,17.1,81.6,67.4,18.1,270.03,17.49,50.69,338.21,1
ORD10248,East,Van,21,13.1,54.4,23.9,87.3,54.2,16.1,293.01,10.71,25.54,329.26,1
ORD10249,South,Bike,19,7.1,53.2,0.2,79.9,61.5,17.0,127.95,4.33,23.76,156.04,1
ORD10250,East,Bike,45,6.8,52.9,13.3,83.4,63.9,16.6,234.18,4.85,28.72,267.75,1
ORD10251,West,Van,53,55.3,56.9,23.2,77.5,57.4,24.8,497.75,48.0,27.24,572.99,1
ORD10252,Central,Van,58,20.0,70.3,43.8,69.5,77.7,15.0,344.62,15.02,36.92,396.56,1
ORD10253,East,Van,28,13.1,79.8,23.3,66.5,87.6,16.2,243.59,7.85,27.02,278.46,1
ORD10254,South,Van,53,19.3,55.0,40.8,61.0,60.2,15.7,338.54,11.65,24.31,374.5,1
ORD10255,South,Truck,33,18.4,69.7,29.6,44.4,75.7,17.9,265.89,11.03,25.8,302.72,1
ORD10256,West,Van,70,6.6,42.4,44.4,48.8,58.6,12.6,263.04,0.0,48.52,311.56,1
ORD10257,Central,Van,81,32.7,68.8,19.1,60.2,68.0,16.8,412.79,20.77,54.83,488.39,1
ORD10258,North,Bike,67,16.6,41.3,55.9,69.1,63.0,17.8,268.69,19.94,43.56,332.19,1
ORD10259,North,Van,5,20.2,74.6,12.7,89.5,79.8,16.9,267.36,14.12,12.02,293.5,1
ORD10260,West,Van,100,44.3,94.8,8.5,64.3,63.2,17.6,580.67,36.75,80.79,698.21,1
ORD10261,North,Truck,7,7.3,52.8,1.8,82.1,85.2,11.7,197.1,0.0,21.15,218.25,1
ORD10262,Central,Van,100,11.0,15.5,55.0,83.3,68.8,12.5,339.07,11.09,62.52,412.68,1
ORD10263,South,Van,8,23.0,45.1,32.3,61.1,63.6,15.9,245.93,16.44,15.85,278.22,1
ORD10264,North,Van,54,32.3,77.2,15.0,75.1,55.7,17.3,362.37,21.82,41.47,425.66,1
ORD10265,Central,Bike,15,12.3,65.0,38.7,60.9,75.3,14.5,198.26,10.13,14.11,222.5,1
ORD10266,North,Van,14,12.8,59.5,30.3,87.5,83.6,18.0,207.61,7.12,13.55,228.28,1
ORD10267,South,Van,70,27.8,73.2,49.5,75.8,75.6,16.2,370.44,10.23,58.58,439.25,1
ORD10268,North,Van,74,65.0,63.7,0.0,44.8,100.0,22.6,586.43,53.36,49.34,689.13,1
ORD10269,North,Van,16,19.7,76.9,16.0,67.7,90.6,14.1,278.38,15.99,12.04,306.41,1
ORD10270,North,Truck,98,10.9,71.5,13.1,93.0,68.0,20.1,337.7,6.61,65.55,409.86,1
ORD10271,North,Van,35,8.9,82.4,0.0,61.9,67.9,15.9,196.83,1.84,32.19,230.86,1
ORD10272,North,Truck,35,17.1,61.5,35.9,72.6,78.1,13.0,325.04,5.48,15.47,345.99,1
ORD10273,North,Truck,33,31.4,71.3,15.9,74.3,61.1,14.6,355.8,24.67,29.82,410.29,1
ORD10274,West,Bike,49,82.4,49.5,31.1,47.4,87.2,27.2,596.49,69.87,45.89,712.25,1
ORD10275,West,Van,22,15.3,44.2,55.4,73.7,76.7,15.3,256.85,12.49,27.71,297.05,1
ORD10276,East,Bike,45,19.7,85.7,14.7,41.3,75.3,17.9,266.46,7.86,54.59,328.91,1
ORD10277,South,Truck,25,49.7,58.9,13.7,54.4,80.9,20.2,398.42,38.4,35.76,472.58,1
ORD10278,East,Van,9,22.7,69.5,21.8,83.3,94.4,14.8,324.97,16.76,28.54,370.27,1
ORD10279,Central,Truck,40,21.5,57.2,34.8,71.1,74.2,15.9,347.98,20.45,56.4,424.83,1
ORD10280,Central,Bike,69,44.0,44.4,11.5,59.8,70.5,23.9,415.34,36.03,56.02,507.39,1
ORD10281,North,Van,78,20.0,55.2,10.5,72.6,91.6,18.7,321.69,0.07,56.2,377.96,1
ORD10282,North,Bike,38,9.4,80.8,35.9,64.0,84.6,18.0,227.67,9.78,40.69,278.14,1
ORD10283,South,Van,36,38.6,65.0,25.7,65.2,67.8,17.6,341.51,23.93,27.33,392.77,1
ORD10284,South,Truck,80,5.8,24.2,0.0,76.2,72.1,9.7,327.54,0.0,56.86,384.4,1
ORD10285,East,Bike,70,34.6,51.1,1.6,52.6,74.5,17.9,365.38,25.01,45.32,435.71,1
ORD10286,East,Van,84,18.7,87.1,42.5,65.7,76.7,18.6,425.02,16.08,61.38,502.48,1
ORD10287,North,Bike,91,15.4,51.2,26.0,59.7,54.4,19.1,321.13,3.35,56.83,381.31,1
ORD10288,South,Van,83,15.1,22.6,8.6,38.0,51.9,14.4,273.25,14.85,52.15,340.25,1
ORD10289,East,Bike,94,17.0,89.1,17.4,49.4,60.5,21.9,366.97,16.57,67.01,450.55,1
ORD10290,North,Truck,44,13.9,67.3,20.2,91.7,59.5,13.0,223.04,10.66,35.1,268.8,1
ORD10291,Central,Van,42,24.8,53.7,31.0,71.5,63.6,16.5,312.44,14.26,19.68,346.38,1
ORD10292,North,Van,35,14.2,48.3,0.0,42.5,80.3,13.8,243.43,5.75,19.61,268.79,1
ORD10293,Central,Van,27,18.8,74.5,7.4,38.8,69.8,12.7,310.71,19.23,17.67,347.61,1
ORD10294,North,Van,76,4.3,45.2,24.1,63.1,74.6,17.8,200.7,0.0,46.74,247.44,1
ORD10295,Central,Van,73,18.7,75.7,18.5,91.5,56.1,20.0,399.01,19.35,55.47,473.83,1
ORD10296,Central,Van,81,13.7,64.8,28.6,61.8,66.0,17.0,366.45,9.45,58.3,434.2,1
ORD10297,Central,Van,21,33.1,59.4,1.6,87.2,79.6,21.5,370.81,24.35,32.07,427.23,1
ORD10298,Central,Van,52,15.8,57.6,25.4,71.0,79.7,12.8,291.63,3.31,46.62,341.56,1
ORD10299,West,Truck,26,30.1,51.9,36.4,73.0,62.6,16.4,384.58,21.84,34.88,441.3,1
ORD10300,West,Truck,90,28.0,73.8,27.3,42.3,74.1,17.3,412.83,24.07,66.37,503.27,1
ORD10301,West,Truck,30,28.5,39.4,22.1,80.9,100.0,14.1,361.72,14.69,30.18,406.59,1
ORD10302,North,Van,18,16.2,25.8,18.6,59.3,71.8,14.7,183.69,14.64,30.69,229.02,1
ORD10303,East,Bike,59,19.5,66.1,7.5,79.7,63.0,17.3,257.64,15.07,51.81,324.52,1
ORD10304,East,Truck,89,24.4,66.4,18.9,51.2,69.7,17.6,399.39,15.08,63.96,478.43,1
ORD10305,Central,Van,92,19.9,63.6,38.9,68.0,73.2,20.2,384.75,19.2,72.77,476.72,1
ORD10306,East,Van,14,15.8,62.3,18.2,71.0,70.0,15.6,206.16,0.84,5.0,212.0,1
ORD10307,East,Truck,36,10.0,49.2,6.7,62.4,71.6,8.9,279.84,9.23,29.48,318.55,1
ORD10308,West,Van,19,18.9,69.2,12.6,71.9,53.2,13.4,201.06,22.27,20.0,243.33,1
ORD10309,South,Truck,34,6.3,54.2,23.0,60.5,59.5,14.1,175.67,11.92,39.92,227.51,1
ORD10310,North,Bike,56,4.1,46.2,14.4,54.0,70.1,16.6,266.69,5.02,55.37,327.08,1
ORD10311,East,Van,31,8.5,49.4,27.3,92.3,69.9,9.6,248.04,4.87,17.45,270.36,1
ORD10312,East,Van,11,28.3,91.4,27.8,82.8,64.6,20.5,279.52,18.05,29.34,326.91,1
ORD10313,South,Bike,53,21.8,23.8,33.3,52.1,69.7,18.8,278.41,14.84,31.78,325.03,1
ORD10314,South,Truck,10,28.5,64.0,41.4,74.7,72.8,14.4,361.58,24.09,8.37,394.04,1
ORD10315,South,Van,26,11.6,24.8,34.9,52.4,83.6,15.9,215.57,4.66,24.43,244.66,1
ORD10316,South,Bike,5,35.2,53.1,6.0,44.9,70.7,17.0,295.19,30.19,12.2,337.58,1
ORD10317,South,Bike,13,6.8,47.2,6.4,82.6,77.2,15.4,199.9,15.77,6.68,222.35,1
ORD10318,West,Truck,46,8.7,17.5,18.9,36.0,65.0,12.4,222.84,6.22,42.5,271.56,1
ORD10319,South,Truck,86,34.8,62.0,13.2,80.8,79.4,22.3,480.83,19.38,64.74,564.95,1
ORD10320,Central,Van,79,20.8,48.2,2.9,60.7,76.9,19.7,352.95,8.88,63.88,425.71,1
ORD10321,Central,Van,14,28.6,17.2,13.4,61.4,83.3,16.0,246.31,25.33,16.23,287.87,1
ORD10322,East,Truck,8,21.9,70.1,12.9,72.0,81.3,15.7,282.77,16.13,16.08,314.98,1
ORD10323,South,Van,37,12.8,80.8,9.9,74.9,79.7,17.3,277.76,13.98,32.11,323.85,1
ORD10324,East,Truck,67,8.0,81.8,15.3,51.0,70.7,11.0,338.77,3.33,62.35,404.45,1
ORD10325,Central,Bike,76,4.9,61.5,37.7,77.2,75.2,20.4,232.58,7.83,31.13,271.54,1
ORD10326,West,Van,84,52.3,55.8,23.0,66.9,85.8,19.4,547.92,38.43,50.54,636.89,1
ORD10327,Central,Truck,37,5.7,78.9,57.1,43.6,63.5,14.1,240.25,0.61,32.39,273.25,1
ORD10328,East,Van,21,43.1,85.3,22.6,62.1,63.8,18.1,390.66,30.32,14.87,435.85,1
ORD10329,West,Bike,7,20.1,75.4,15.6,88.5,74.4,20.4,230.56,9.09,13.78,253.43,0
ORD10330,South,Van,19,22.3,38.1,20.1,93.5,77.4,16.8,265.21,26.67,21.44,313.32,1
ORD10331,West,Truck,11,21.4,58.6,23.8,77.2,61.3,8.2,214.44,15.57,12.79,242.8,1
ORD10332,South,Truck,87,26.4,62.9,26.5,44.8,71.0,16.5,473.06,23.02,60.37,556.45,1
ORD10333,West,Van,30,10.9,22.4,51.2,73.3,70.8,16.5,178.29,5.49,33.53,217.31,1
ORD10334,Central,Truck,84,3.8,63.4,7.3,79.5,43.2,15.4,371.6,0.0,56.31,427.91,1
ORD10335,North,Truck,58,12.6,95.9,32.9,77.3,69.1,15.8,340.75,8.28,40.27,389.3,1
ORD10336,West,Truck,56,25.0,66.5,23.1,78.3,70.0,20.3,385.54,24.26,41.47,451.27,1
ORD10337,North,Truck,48,8.7,81.5,0.0,71.2,69.9,14.6,376.29,3.92,38.34,418.55,1
ORD10338,West,Bike,83,35.7,58.3,31.6,63.8,90.4,23.0,416.07,22.42,43.73,482.22,0
ORD10339,North,Van,9,17.3,53.7,39.0,54.7,56.2,17.0,269.58,13.75,20.64,303.97,1
ORD10340,Central,Truck,13,8.2,61.9,7.1,32.7,61.3,11.9,232.89,8.65,15.54,257.08,1
ORD10341,North,Van,45,20.7,40.3,19.9,70.8,38.0,14.0,304.42,23.74,46.84,375.0,1
ORD10342,Central,Bike,42,24.7,37.7,0.0,68.2,65.7,13.4,289.24,20.29,39.83,349.36,1
ORD10343,Central,Truck,57,25.9,77.8,1.1,74.5,66.9,15.3,433.06,22.64,52.71,508.41,1
ORD10344,West,Van,75,34.8,79.7,35.7,42.3,65.4,20.0,418.53,29.7,45.16,493.39,1
ORD10345,Central,Van,61,6.5,37.2,13.0,76.0,86.4,13.9,210.89,0.0,42.58,253.47,1
ORD10346,Central,Bike,29,34.9,72.4,3.4,99.9,83.2,23.6,323.18,21.36,18.01,362.55,0
ORD10347,Central,Van,36,36.9,53.4,23.4,66.3,73.0,18.2,368.07,22.26,26.16,416.49,1
ORD10348,South,Truck,77,8.0,61.1,12.2,64.0,67.2,17.0,327.71,0.0,64.37,392.08,1
ORD10349,West,Van,24,9.1,63.3,12.9,70.3,85.3,13.7,245.11,10.8,37.1,293.01,1
ORD10350,North,Bike,53,29.5,72.9,31.1,99.5,71.7,23.5,405.33,23.58,31.96,460.87,1
ORD10351,West,Van,56,14.3,56.5,2.6,47.6,61.4,15.5,257.74,11.12,39.13,307.99,1
ORD10352,North,Van,77,40.3,80.4,6.4,68.5,49.7,22.8,447.16,17.26,53.74,518.16,0
ORD10353,East,Bike,73,47.3,60.6,22.3,51.4,66.3,18.7,416.76,45.75,56.83,519.34,1
ORD10354,East,Bike,49,8.2,66.2,34.5,55.7,81.8,16.8,315.85,1.68,24.87,342.4,1
ORD10355,East,Van,34,10.7,40.0,38.6,64.2,100.0,16.6,234.12,18.28,17.88,270.28,1
ORD10356,East,Van,40,20.0,93.9,10.0,87.9,72.8,20.7,343.3,7.75,37.92,388.97,1
ORD10357,West,Truck,44,3.7,63.5,34.1,95.6,62.1,15.4,215.6,0.0,20.61,236.21,0
ORD10358,Central,Bike,26,5.0,67.8,8.2,72.6,56.6,16.3,192.88,0.0,22.73,215.61,1
ORD10359,East,Van,65,9.9,26.1,47.4,58.6,79.2,16.8,276.08,9.24,49.05,334.37,1
ORD10360,West,Truck,25,57.4,40.2,3.0,100.0,49.1,21.7,459.1,37.54,29.08,525.72,1
ORD10361,Central,Truck,67,22.0,77.3,39.9,57.7,79.2,15.5,438.37,11.13,47.72,497.22,1
ORD10362,North,Truck,77,12.0,60.2,10.2,55.3,82.6,14.9,434.74,2.14,51.42,488.3,1
ORD10363,North,Bike,97,9.1,20.6,50.2,34.8,77.7,20.3,254.12,10.71,72.11,336.94,0
ORD10364,North,Truck,16,7.9,73.7,28.9,88.7,69.1,18.5,209.88,9.48,23.08,242.44,1
ORD10365,West,Van,77,12.6,45.2,4.8,81.5,79.3,17.7,277.49,18.51,49.17,345.17,1
ORD10366,East,Bike,13,12.1,80.4,12.2,100.0,74.2,19.1,273.11,5.65,19.45,298.21,1
ORD10367,West,Bike,37,16.1,53.4,31.7,41.4,61.9,17.4,287.87,13.17,35.42,336.46,1
ORD10368,West,Bike,21,25.5,58.7,35.8,89.8,96.1,21.8,270.14,12.68,37.3,320.12,0
ORD10369,South,Van,20,17.7,76.2,18.9,66.2,67.4,15.2,267.82,11.6,29.29,308.71,1
ORD10370,Central,Van,21,30.6,38.8,20.7,78.7,82.1,17.4,267.87,20.36,33.27,321.5,1
ORD10371,West,Truck,9,15.3,37.1,31.4,37.0,40.6,9.9,267.83,13.8,12.07,293.7,1
ORD10372,South,Van,84,49.5,51.5,22.0,90.0,88.6,24.4,489.25,42.21,54.01,585.47,1
ORD10373,South,Bike,10,30.2,69.9,0.6,78.4,91.1,17.2,280.27,27.61,15.62,323.5,1
ORD10374,South,Van,43,21.6,31.0,7.8,64.3,72.4,14.4,303.84,11.99,34.5,350.33,1
ORD10375,North,Truck,72,25.6,25.0,23.5,76.0,79.3,16.5,372.6,24.19,43.54,440.33,0
ORD10376,North,Bike,100,12.8,69.8,38.2,52.0,79.3,24.0,346.04,9.38,77.13,432.55,1
ORD10377,Central,Van,86,15.9,44.1,44.2,55.1,63.6,15.5,338.28,10.3,66.37,414.95,1
ORD10378,East,Van,18,15.5,47.9,31.7,57.1,79.1,13.1,255.05,8.08,19.45,282.58,1
ORD10379,East,Truck,99,11.0,21.6,24.3,33.5,61.5,12.1,408.22,5.45,71.58,485.25,1
ORD10380,West,Truck,67,7.0,42.8,31.2,79.6,64.1,18.3,318.16,13.96,50.63,382.75,1
ORD10381,East,Van,22,26.4,54.9,10.0,85.3,86.7,10.6,320.55,21.34,29.86,371.75,1
ORD10382,Central,Truck,48,33.7,71.7,17.7,53.1,84.7,14.2,413.5,26.15,27.65,467.3,1
ORD10383,Central,Bike,93,24.1,41.1,7.6,70.9,62.8,26.3,346.35,16.76,61.98,425.09,0
ORD10384,East,Van,42,17.7,84.8,1.3,60.5,62.5,16.8,333.47,25.5,34.64,393.61,1
ORD10385,South,Van,22,63.4,42.7,25.0,70.6,63.6,18.3,465.04,54.08,29.09,548.21,1
ORD10386,Central,Van,89,11.9,42.7,22.8,54.3,81.5,15.3,272.61,5.32,55.92,333.85,1
ORD10387,West,Van,96,22.1,82.7,30.3,50.0,59.0,17.7,407.43,15.21,44.8,467.44,0
ORD10388,Central,Van,98,36.7,58.8,28.2,82.9,76.6,22.2,467.88,26.45,57.25,551.58,0
ORD10389,North,Van,96,8.5,45.1,23.6,63.9,81.7,19.7,301.92,7.1,64.31,373.33,0
ORD10390,Central,Truck,88,27.7,52.2,28.3,99.4,70.9,19.5,492.0,17.27,60.91,570.18,1
ORD10391,West,Van,48,51.5,79.4,19.4,65.8,85.1,19.1,494.65,40.82,51.87,587.34,1
ORD10392,North,Bike,23,18.7,81.4,26.2,49.3,68.0,19.9,314.03,21.29,29.31,364.63,1
ORD10393,West,Van,64,20.8,40.3,9.1,85.9,69.2,15.4,330.93,9.03,47.85,387.81,1
ORD10394,West,Van,26,11.9,54.2,25.5,75.7,59.3,12.8,231.65,3.28,26.04,260.97,1
ORD10395,North,Truck,50,25.4,56.6,30.0,77.4,85.2,12.7,337.58,16.63,48.33,402.54,1
ORD10396,East,Bike,67,10.8,37.2,10.0,85.2,62.0,15.3,261.29,5.92,44.13,311.34,1
ORD10397,Central,Van,95,18.0,54.0,20.8,53.9,76.5,14.5,372.21,23.49,63.13,458.83,1
ORD10398,South,Van,32,6.4,55.1,10.6,62.8,71.1,11.1,165.26,9.81,20.89,195.96,1
ORD10399,East,Van,29,2.8,75.5,12.1,62.1,58.3,14.2,190.36,6.82,39.3,236.48,1
ORD10400,East,Truck,75,13.6,76.7,3.1,43.1,64.1,11.3,361.75,8.88,56.39,427.02,1
ORD10401,South,Van,5,13.4,49.1,39.0,60.5,90.0,7.4,211.23,8.62,9.09,228.94,1
ORD10402,Central,Van,59,14.4,51.1,36.0,87.7,74.6,14.7,308.61,3.54,43.53,355.68,1
ORD10403,Central,Van,76,29.6,67.0,28.1,69.0,58.9,17.4,387.43,26.11,57.88,471.42,0
ORD10404,North,Truck,57,34.3,44.5,49.6,42.1,76.0,15.1,430.15,28.18,41.34,499.67,1
ORD10405,Central,Bike,41,22.7,65.6,17.2,38.6,70.1,21.4,294.28,23.45,30.27,348.0,1
ORD10406,Central,Truck,84,28.3,53.4,65.5,93.3,100.0,17.9,337.06,20.17,52.97,410.2,1
ORD10407,South,Truck,40,11.1,37.6,16.6,63.5,75.7,15.2,251.16,7.62,36.71,295.49,1
ORD10408,Central,Van,73,9.3,37.8,23.8,54.0,67.1,14.6,316.87,7.83,49.29,373.99,1
ORD10409,North,Van,49,25.7,81.0,14.0,60.3,90.5,16.7,298.25,23.73,35.32,357.3,1
ORD10410,Central,Van,7,8.4,52.2,25.6,39.9,48.1,10.7,182.79,0.0,5.16,187.95,1
ORD10411,West,Truck,55,7.8,84.5,32.5,89.2,73.2,15.5,374.72,9.53,42.87,427.12,1
ORD10412,West,Bike,9,84.1,45.8,18.3,58.3,97.9,23.5,498.13,62.97,15.5,576.6,1
ORD10413,North,Bike,94,19.5,60.2,46.7,88.2,70.5,22.3,367.96,9.33,61.13,438.42,1
ORD10414,Central,Bike,62,13.4,98.1,23.6,65.9,49.5,19.0,274.27,0.0,47.69,321.96,1
ORD10415,North,Bike,40,12.4,36.0,24.1,89.3,66.9,16.7,279.87,8.62,39.98,328.47,1
ORD10416,South,Bike,51,6.5,20.8,6.4,69.4,90.9,18.9,196.15,12.11,45.66,253.92,1
ORD10417,North,Van,64,22.4,78.2,26.3,79.5,76.9,18.9,365.13,25.17,51.62,441.92,1
ORD10418,West,Van,29,15.3,40.1,18.0,77.2,61.1,14.2,284.78,13.25,26.02,324.05,1
ORD10419,South,Van,32,33.7,54.6,10.9,75.6,63.1,17.8,366.85,35.09,25.06,427.0,1
ORD10420,Central,Truck,45,26.2,44.5,8.4,70.9,64.7,15.3,324.41,19.44,28.4,372.25,0
ORD10421,West,Van,29,14.9,59.8,60.1,61.0,76.7,13.9,230.54,15.94,23.2,269.68,0
ORD10422,North,Bike,77,4.3,37.9,16.0,97.6,89.4,19.1,264.12,0.97,54.51,319.6,1
ORD10423,North,Truck,14,19.5,51.8,0.0,49.6,85.7,11.5,256.48,12.05,13.41,281.94,1
ORD10424,North,Truck,84,18.4,63.1,9.5,65.1,77.9,13.5,324.61,10.41,58.97,393.99,1
ORD10425,West,Van,38,3.8,36.9,19.2,65.3,54.7,9.9,192.29,0.0,25.18,217.47,1
ORD10426,Central,Van,58,24.3,42.4,28.2,71.8,54.7,16.3,278.69,24.66,30.61,333.96,1
ORD10427,South,Van,20,8.2,48.7,28.3,57.7,78.9,14.9,252.76,2.94,29.56,285.26,1
ORD10428,Central,Bike,41,34.8,29.3,30.1,70.4,54.5,19.1,332.25,22.09,30.75,385.09,1
ORD10429,North,Truck,77,17.7,47.4,10.3,62.1,69.1,20.5,337.99,7.38,47.65,393.02,1
ORD10430,Central,Truck,30,12.2,57.1,25.1,38.1,76.0,14.5,250.0,8.13,19.75,277.88,1
ORD10431,Central,Van,17,21.3,47.8,6.9,65.2,57.2,17.8,187.18,24.79,24.73,236.7,1
ORD10432,West,Van,55,20.5,50.1,10.7,46.3,58.7,16.8,275.76,25.84,53.25,354.85,1
ORD10433,West,Van,20,20.0,54.6,6.2,35.5,70.8,17.7,293.71,6.7,19.78,320.19,1
ORD10434,Central,Truck,35,31.9,43.2,2.2,67.3,78.5,13.8,442.86,22.15,29.53,494.54,1
ORD10435,North,Truck,48,22.2,67.4,36.0,73.3,85.8,10.6,386.84,11.48,46.97,445.29,1
ORD10436,South,Van,59,11.5,80.8,30.3,74.0,79.9,15.4,302.05,13.57,29.97,345.59,1
ORD10437,North,Bike,66,15.6,46.6,34.6,74.6,73.0,20.8,275.6,13.13,64.03,352.76,0
ORD10438,East,Van,69,42.6,63.7,20.6,32.1,62.3,18.3,422.18,28.77,69.5,520.45,1
ORD10439,West,Bike,86,10.8,50.7,31.7,41.9,58.1,18.6,376.46,8.46,37.65,422.57,1
ORD10440,West,Van,11,24.1,61.6,0.0,98.5,65.4,19.6,262.66,15.69,17.27,295.62,1
ORD10441,Central,Van,39,32.7,83.2,32.9,47.2,77.3,18.2,450.24,32.6,27.7,510.54,1
ORD10442,North,Bike,5,25.6,64.2,22.7,75.4,76.4,21.1,302.68,21.93,12.63,337.24,1
ORD10443,West,Van,5,19.6,23.1,29.4,53.3,44.7,12.0,142.19,18.05,11.4,171.64,1
ORD10444,South,Van,25,21.6,63.2,25.7,66.4,61.8,13.6,258.5,2.87,32.24,293.61,1
ORD10445,South,Van,62,26.6,77.2,5.2,54.2,87.7,20.3,356.04,19.62,45.2,420.86,1
ORD10446,West,Van,90,10.7,51.0,0.0,74.5,73.0,16.0,322.97,18.44,54.21,395.62,1
ORD10447,Central,Truck,79,18.5,72.9,9.3,67.3,53.6,14.4,397.65,20.51,54.07,472.23,1
ORD10448,West,Bike,67,63.2,42.6,28.5,57.4,100.0,23.0,622.12,38.16,52.97,713.25,1
ORD10449,North,Bike,79,24.5,28.3,30.4,47.1,71.6,17.9,300.72,16.81,45.98,363.51,1
ORD10450,West,Van,21,20.0,57.5,0.0,69.6,77.0,13.5,270.41,8.99,10.38,289.78,1
ORD10451,North,Truck,85,14.6,23.4,5.3,44.4,77.2,10.6,367.97,19.51,74.69,462.17,1
ORD10452,Central,Van,90,10.8,50.7,9.2,72.3,67.2,12.6,325.91,9.32,56.36,391.59,1
ORD10453,West,Van,14,22.1,78.2,14.6,100.0,62.5,16.8,283.42,12.74,18.6,314.76,1
ORD10454,North,Van,50,23.0,20.6,0.0,88.0,99.6,15.0,254.87,17.42,36.32,308.61,1
ORD10455,North,Bike,84,17.7,32.0,0.0,77.2,85.0,21.7,321.09,0.24,62.58,383.91,1
ORD10456,North,Bike,50,78.8,36.4,7.7,63.5,82.7,26.1,576.4,53.68,53.68,683.76,1
ORD10457,Central,Truck,85,11.4,53.9,21.3,32.0,79.5,14.0,369.95,8.73,63.39,442.07,1
ORD10458,East,Truck,94,9.7,48.4,2.3,42.5,59.0,11.7,380.18,11.5,51.55,443.23,1
ORD10459,Central,Truck,50,14.7,80.2,18.3,86.8,88.6,15.6,389.68,1.32,28.43,419.43,1
ORD10460,West,Truck,10,18.0,72.2,35.9,51.6,61.0,14.7,315.67,11.59,14.31,341.57,1
ORD10461,East,Truck,37,10.4,63.9,0.5,53.1,75.7,14.3,285.98,12.85,30.2,329.03,1
ORD10462,North,Van,25,21.7,57.6,16.9,62.2,50.7,15.3,236.24,9.02,11.97,257.23,1
ORD10463,Central,Van,50,23.2,62.1,35.4,46.9,45.5,18.5,308.75,18.55,46.05,373.35,1
ORD10464,South,Van,61,28.6,39.5,13.7,44.1,76.1,16.0,345.79,21.78,36.86,404.43,1
ORD10465,East,Bike,49,13.2,70.4,11.4,64.1,61.5,20.0,281.4,18.47,50.9,350.77,1
ORD10466,West,Truck,23,40.4,35.0,37.5,49.8,46.1,15.2,361.63,29.15,39.22,430.0,1
ORD10467,West,Bike,33,27.4,70.0,15.4,52.4,79.0,15.1,281.22,19.69,28.16,329.07,1
ORD10468,Central,Van,70,11.3,76.4,36.6,51.7,99.6,16.3,276.91,12.75,54.01,343.67,1
ORD10469,North,Truck,7,10.4,58.8,26.4,73.9,90.1,15.1,171.6,1.17,5.99,178.76,1
ORD10470,East,Van,25,15.4,51.8,14.9,61.1,68.7,15.8,233.57,10.45,30.74,274.76,1
ORD10471,East,Van,90,23.3,62.2,27.2,62.0,72.1,18.6,344.88,15.2,57.51,417.59,1
ORD10472,East,Van,14,25.4,10.0,24.8,75.1,83.5,14.8,199.0,18.36,11.0,228.36,1
ORD10473,North,Van,44,27.4,60.4,35.3,62.6,86.6,15.4,324.69,24.79,33.89,383.37,1
ORD10474,North,Bike,24,60.7,53.0,11.8,60.3,67.5,24.1,396.9,48.3,21.47,466.67,1
ORD10475,South,Van,15,5.2,54.1,20.6,73.0,72.4,14.7,191.69,0.16,17.65,209.5,1
ORD10476,South,Truck,45,17.3,67.7,19.1,76.4,75.9,14.1,359.13,13.66,44.35,417.14,1
ORD10477,East,Van,55,57.6,53.7,30.6,62.5,79.2,23.3,476.33,50.65,35.97,562.95,1
ORD10478,West,Van,21,29.4,34.5,4.6,66.4,70.3,13.8,271.52,17.89,37.43,326.84,1
ORD10479,West,Truck,12,9.3,52.5,35.3,51.7,70.4,11.3,245.5,7.7,8.0,261.2,1
ORD10480,East,Van,17,21.0,56.2,27.0,50.4,89.9,18.5,234.44,14.78,34.27,283.49,1
ORD10481,East,Bike,67,16.7,57.1,0.2,78.1,87.7,21.1,279.7,12.21,40.72,332.63,1
ORD10482,South,Bike,87,16.3,57.9,38.1,72.6,78.2,19.6,380.78,4.07,59.84,444.69,1
ORD10483,West,Truck,22,13.0,73.7,53.5,72.7,94.3,15.7,310.98,16.8,20.18,347.96,1
ORD10484,South,Van,35,19.9,35.5,35.0,69.8,67.0,16.3,286.27,11.05,28.5,325.82,1
ORD10485,North,Van,38,35.9,58.2,41.4,65.8,93.1,12.3,399.8,32.06,39.31,471.17,1
ORD10486,East,Bike,39,13.8,78.2,21.3,76.8,79.1,17.0,196.77,7.24,45.45,249.46,0
ORD10487,East,Van,28,27.5,23.8,0.0,80.9,100.0,16.0,327.0,17.5,36.92,381.42,1
ORD10488,South,Van,10,30.5,58.2,0.0,80.5,56.5,15.8,309.0,28.94,14.26,352.2,1
ORD10489,East,Van,55,40.2,44.5,23.8,63.3,63.0,19.0,439.14,35.12,43.72,517.98,1
ORD10490,East,Bike,39,10.2,48.3,11.1,88.6,77.4,20.8,235.33,8.69,27.19,271.21,0
ORD10491,West,Truck,37,18.9,38.7,6.3,68.9,77.2,13.4,303.31,17.98,24.42,345.71,1
ORD10492,West,Truck,30,12.0,51.9,19.1,75.8,97.4,11.7,259.17,7.56,19.33,286.06,1
ORD10493,West,Bike,94,20.0,88.1,29.2,69.8,63.3,21.9,408.24,14.96,60.2,483.4,1
ORD10494,South,Van,63,19.9,32.2,0.0,69.2,83.8,14.9,297.54,11.62,48.65,357.81,1
ORD10495,Central,Bike,45,8.6,33.9,13.3,52.5,87.1,16.1,241.42,10.97,21.46,273.85,1
ORD10496,East,Van,24,20.7,31.6,42.6,76.9,81.2,15.5,191.87,12.06,24.83,228.76,1
ORD10497,East,Truck,81,62.6,86.1,3.9,100.0,59.5,27.6,607.66,54.38,68.68,730.72,1
ORD10498,West,Van,90,25.5,46.7,33.0,58.6,90.3,12.7,464.5,17.55,70.48,552.53,1
ORD10499,South,Bike,8,7.4,54.5,12.7,66.2,88.0,15.5,140.86,5.65,11.72,158.23,1
ORD10500,East,Van,94,9.8,47.7,28.2,57.4,79.8,15.7,316.72,11.14,52.53,380.39,1
